herb,positive_target,negative_target,positive_score,negative_score,fold
316,5515,6101,3.3454,0.147,4
0,5431,3237,13.1258,0.1618,4
329,5514,6044,1.4607,0.1893,2
616,4124,4499,0.3672,0.1408,3
575,3216,1814,0.4316,0.1808,1
127,3244,7347,1.9964,0.1691,3
447,429,3951,4.9892,0.1359,1
59,806,4122,12.0415,0.13,1
283,2198,4121,3.2624,0.1352,1
549,3911,7050,1.1693,0.1229,3
527,1243,902,0.4087,0.1878,2
102,2198,6612,5.213,0.1476,2
276,5514,674,5.258,0.1426,4
551,1103,6101,1.0008,0.1531,4
165,69,5500,5.9332,0.1687,4
356,5515,6612,4.468,0.1403,0
216,1909,959,3.2567,0.1421,3
73,1909,6359,6.5629,0.1599,0
110,5431,3237,11.7584,0.1502,3
175,5515,3885,8.1922,0.1498,4
529,897,2972,0.5901,0.1983,2
93,5431,6359,17.4397,0.1584,1
263,5515,3237,10.7915,0.1288,4
551,1909,4134,1.4051,0.1512,4
413,4415,608,2.1179,0.1392,1
383,5515,6612,3.0851,0.1342,2
596,790,983,0.3976,0.1524,3
150,5515,6612,7.5362,0.1354,1
695,859,6935,0.2511,0.1959,0
424,5431,5760,0.5885,0.1382,3
435,5431,4394,20.488,0.1621,4
401,429,4134,3.8391,0.1346,3
379,5431,6612,3.4426,0.148,1
299,2198,6703,3.7673,0.1424,1
439,1909,3951,7.2326,0.1363,1
597,1909,1665,1.9226,0.1893,0
341,5431,3228,5.1668,0.1408,4
218,5515,6906,3.9363,0.1744,0
258,429,3228,4.1124,0.1315,1
26,429,7347,18.6394,0.1699,0
217,2198,6459,6.7859,0.1313,1
28,69,5507,4.9492,0.1567,2
297,5431,6101,15.4962,0.1365,2
401,2198,6612,3.5911,0.1353,3
445,429,3034,11.9916,0.1347,3
67,69,1642,10.2118,0.1276,3
566,5081,5760,0.3749,0.1242,1
541,1623,2597,0.4145,0.1957,4
549,5514,7055,1.0861,0.1243,3
311,429,1190,4.4039,0.1551,4
638,5802,5510,0.5434,0.146,2
248,5431,4122,4.915,0.159,3
295,429,2249,5.8909,0.155,3
283,429,3951,3.773,0.1338,1
300,429,3237,12.4601,0.1391,4
531,4575,5376,1.8299,0.1687,4
210,5431,4122,6.1185,0.1359,4
43,5515,3237,7.3659,0.1393,3
486,2198,2727,3.0179,0.112,1
348,4575,2915,5.1477,0.1638,0
122,5431,2727,2.2709,0.1493,0
340,5760,6459,0.6301,0.1546,1
380,5515,252,0.913,0.1417,1
413,69,2243,2.2436,0.1382,1
228,5431,3237,11.9929,0.1438,3
6,5431,6101,13.8081,0.1478,4
217,429,6209,7.1774,0.1278,1
231,5431,4122,4.4488,0.1301,4
44,5515,6209,1.222,0.1454,2
218,5431,596,3.9121,0.181,0
292,5515,5629,7.1421,0.1493,4
681,1909,6101,0.6731,0.1838,2
289,806,910,6.9055,0.1393,3
244,429,248,5.2337,0.169,1
587,5241,4501,0.3076,0.1796,2
83,5515,7347,7.6004,0.1539,1
138,5431,4018,5.9712,0.1577,0
166,5515,1264,11.5993,0.1336,4
534,3923,5760,0.2741,0.1637,0
223,5515,3404,5.8433,0.1774,3
373,1909,6295,8.4691,0.1517,4
598,1902,6612,1.4759,0.1441,3
281,69,2042,8.5085,0.141,4
5,5515,5500,4.5573,0.1572,3
98,69,910,5.5203,0.151,4
599,4575,6359,2.1428,0.1584,3
460,1909,4134,3.421,0.1472,4
103,2198,4840,5.5349,0.1457,4
387,429,4121,3.9712,0.1245,3
625,4575,5271,1.4468,0.1391,2
226,5431,20,5.664,0.136,2
391,5431,6612,5.4374,0.1269,4
140,5515,7347,8.0691,0.1525,3
274,69,1199,5.2458,0.1443,2
470,4415,6101,1.2266,0.1844,2
285,5515,3237,10.3339,0.119,1
48,5431,163,7.4506,0.1516,2
521,639,6287,0.5801,0.1541,3
199,4628,1190,10.6911,0.1768,3
309,1909,7402,6.3916,0.1532,4
298,69,5500,4.4202,0.1569,4
35,1909,3952,21.3481,0.1488,4
1,1909,1222,16.0072,0.136,2
598,244,910,0.8277,0.1472,3
296,5270,4122,1.5539,0.1432,2
412,5431,3229,17.8465,0.1342,3
248,806,2314,5.3317,0.1578,3
148,429,3227,5.5167,0.1454,1
252,1909,910,6.6481,0.1366,4
167,1909,35,7.6675,0.1381,1
170,5431,7117,8.5212,0.1495,3
244,2198,2915,5.4578,0.1656,1
302,1909,5269,15.0629,0.15,0
222,5431,6612,15.0342,0.1512,0
535,3167,102,0.363,0.1829,1
375,5515,6612,5.1278,0.1444,2
147,5431,6612,6.6962,0.123,1
111,5515,6359,11.3557,0.1593,1
211,5431,2891,6.572,0.1373,1
444,5515,5500,2.6853,0.1463,4
467,5431,6101,26.0278,0.1349,0
350,5515,6612,7.8716,0.1371,3
480,5515,6209,7.2243,0.1338,0
161,5431,3451,1.169,0.1446,0
467,69,1642,20.1225,0.1365,0
355,1909,3404,7.1748,0.171,2
695,5393,4501,0.2667,0.1874,0
694,1924,7505,0.795,0.1897,1
445,2198,6612,11.3622,0.1397,3
656,1909,5500,0.6057,0.1651,4
45,1909,6101,7.4662,0.1522,1
322,5515,5257,3.4519,0.1761,2
369,1909,6459,3.7038,0.156,2
464,5515,1569,1.4369,0.1376,3
355,5431,2668,8.4109,0.1665,2
359,1909,6101,13.3147,0.1489,2
33,1909,3237,9.5567,0.1387,0
56,1909,1190,23.3708,0.1519,4
158,69,4817,3.8332,0.1578,1
543,3307,2597,0.3969,0.1794,2
84,5515,6101,9.4318,0.1465,3
279,429,3228,5.4567,0.1341,1
600,1902,2160,0.6351,0.1894,3
644,897,510,0.717,0.1723,3
317,429,5500,5.8513,0.1724,4
238,5431,3237,16.0447,0.1518,3
101,5515,3228,5.6254,0.144,2
289,5431,6612,9.789,0.1364,3
97,1909,3237,6.3663,0.1483,0
597,2540,1667,1.9587,0.184,0
238,806,1222,15.3813,0.1565,3
197,5515,6359,11.0484,0.1592,1
123,5431,6612,5.682,0.1408,0
487,2198,6703,5.4385,0.149,1
173,806,7117,5.5684,0.1548,3
574,27,983,0.3812,0.1445,4
257,69,3229,7.457,0.1553,1
221,5515,961,10.3746,0.1595,3
97,5515,3404,6.6397,0.1473,0
605,1103,620,1.1146,0.1771,1
437,5431,4121,2.5204,0.1449,1
423,5431,2042,5.9615,0.1681,4
466,5515,6612,5.2408,0.1538,3
313,5578,6359,0.5027,0.1686,3
41,1909,1651,6.6751,0.1432,1
229,5431,6359,4.5666,0.1537,1
3,1909,6612,7.0289,0.1368,3
368,2198,6612,5.6386,0.1335,0
209,1909,5269,16.1248,0.1464,3
278,664,2863,1.6727,0.1433,1
446,429,6612,9.6905,0.1525,2
59,5515,6101,10.5619,0.1417,1
69,3244,20,0.8527,0.1586,3
335,1909,7402,9.6011,0.1431,3
211,2540,4122,3.2858,0.1404,1
116,1909,1642,9.8304,0.1483,2
66,5021,27,0.9896,0.1576,0
260,5515,620,9.2471,0.1332,1
299,429,3951,4.89,0.1397,1
448,1909,4840,8.0792,0.145,3
333,4628,3237,7.6201,0.1477,0
600,4575,2315,0.7851,0.1883,3
457,429,2456,3.5155,0.1426,4
51,5431,5128,2.2887,0.1705,1
65,806,4817,4.9603,0.1514,0
212,69,5058,3.3835,0.1493,1
324,5515,6612,6.2802,0.1486,2
302,5431,2174,13.7042,0.1566,0
366,5515,620,12.0268,0.1577,2
429,5431,4122,16.1234,0.1424,4
77,5515,6612,8.5868,0.146,4
288,2540,3215,13.4004,0.1592,0
308,5431,6703,5.6803,0.1295,3
262,1909,4840,4.0541,0.1355,2
417,4628,7402,6.9687,0.1714,3
430,5431,1056,6.727,0.1549,4
139,2198,6612,11.619,0.1442,4
205,1909,1222,21.5211,0.1455,1
464,1902,6703,1.1945,0.1426,3
416,5431,910,8.4383,0.1682,0
173,5431,7607,6.2356,0.1534,3
660,4415,1190,0.7908,0.157,3
337,429,3237,11.1262,0.1357,1
323,2198,2727,5.1044,0.1375,2
102,429,4134,6.5168,0.1468,2
362,5515,2129,9.5285,0.1595,0
193,1909,4840,7.5193,0.1423,0
367,5515,3951,2.5825,0.14,0
69,4414,5500,0.5621,0.1684,3
9,5431,4122,4.3415,0.1332,0
562,7509,3619,0.2593,0.1278,1
625,5515,4134,1.4537,0.1385,2
419,1909,27,19.6,0.1659,4
192,5431,4122,12.5702,0.1515,2
57,4414,7075,0.6225,0.1756,3
559,1902,4130,0.4071,0.1649,4
198,429,3237,18.2766,0.1639,4
592,806,7117,1.7799,0.1611,4
397,4628,14,4.3072,0.1828,0
346,5431,6612,10.8166,0.1299,0
386,2198,620,7.4761,0.1614,4
30,5515,2602,2.1498,0.1513,3
374,5431,1642,8.4826,0.1352,3
34,429,910,9.48,0.1397,2
338,5431,6612,3.4022,0.1345,1
179,5431,1199,7.6306,0.1438,3
345,1909,6612,3.3008,0.1392,2
510,1909,910,2.3107,0.1464,0
483,429,14,1.1878,0.1701,1
172,429,6612,9.9149,0.1551,4
219,5515,6164,3.1134,0.1356,3
471,806,6612,3.5248,0.1342,0
91,1909,3237,23.7597,0.1249,0
164,806,7402,5.7533,0.1547,2
440,429,4134,6.9956,0.148,3
473,429,6612,8.0385,0.1481,0
10,5515,3237,7.2327,0.141,2
143,5515,620,9.1532,0.152,1
282,4415,3229,4.6798,0.137,0
595,4001,6359,0.4746,0.1778,4
329,1909,5500,1.7186,0.1881,2
74,6428,4539,2.3287,0.1454,2
261,1909,6101,27.834,0.1467,2
153,1909,7402,18.505,0.1413,0
380,806,1116,0.7597,0.1451,1
399,1909,1264,7.5542,0.1478,4
635,4575,1390,0.646,0.1733,4
348,69,3941,5.0051,0.1676,0
232,5431,6612,3.9791,0.1336,4
82,7061,3952,1.0396,0.1467,0
230,5431,6101,17.6973,0.1426,0
107,5270,4122,4.5304,0.1845,4
379,69,4840,2.4181,0.1496,1
136,5431,7132,10.2396,0.1613,0
627,4575,6500,0.8617,0.1888,2
38,5515,6612,8.38,0.1304,1
220,5515,4134,4.3862,0.1382,1
187,2198,6612,8.5709,0.1581,1
527,1244,6935,0.4028,0.1892,2
44,4575,5128,1.2582,0.1445,2
263,1909,3229,8.7228,0.1294,4
325,1909,3237,15.1282,0.1463,3
441,429,20,2.8876,0.158,0
325,5431,3229,14.5201,0.1469,3
67,5515,248,8.3314,0.1362,3
265,5431,3228,6.8819,0.1309,2
131,429,3237,21.6208,0.1523,3
292,5431,7117,6.0863,0.151,4
584,2604,6101,0.564,0.1595,2
112,1909,3237,15.9452,0.1262,2
486,429,4609,3.2482,0.1106,1
488,5515,5500,3.6536,0.158,1
512,69,4122,2.3674,0.1434,3
215,5515,1059,7.3328,0.1571,4
113,1909,209,15.2264,0.1383,1
336,69,1190,11.8676,0.1337,0
565,6444,553,0.2787,0.1935,0
55,1909,910,12.4733,0.1346,0
509,5434,4122,1.035,0.1299,4
52,5431,5268,5.6901,0.1512,0
17,2198,20,3.4617,0.1485,2
51,5515,5376,2.4253,0.1669,1
381,5431,7006,6.1874,0.161,3
250,1909,5500,4.6994,0.1553,4
583,4415,7347,2.4324,0.1659,2
354,5431,5700,5.4413,0.1664,2
432,806,6612,3.2331,0.1366,2
328,2198,6640,4.1995,0.1742,1
426,1909,6612,10.8971,0.1487,1
509,897,3952,0.6624,0.1434,4
121,69,7402,6.866,0.1448,2
19,5515,6568,9.5987,0.1595,4
538,4640,1651,0.401,0.1693,2
436,5431,6101,7.5125,0.1519,4
410,429,6459,2.6538,0.1554,2
129,3244,6359,1.1336,0.1863,1
639,4265,6703,0.3458,0.1469,0
191,1909,3237,8.348,0.1196,0
254,5515,6612,3.8754,0.1316,1
178,5431,983,2.2119,0.1434,4
363,5431,5302,29.2657,0.1644,1
27,2198,3916,6.3031,0.1815,1
349,5431,6101,17.3487,0.1314,3
454,5515,2863,4.2372,0.1478,2
86,4576,5115,1.8819,0.1342,0
201,429,6703,3.9146,0.1465,0
139,429,4840,11.6147,0.1457,4
359,5515,7402,12.9197,0.1506,2
159,1909,910,8.1932,0.1302,0
240,5515,6612,3.2508,0.1382,1
190,1909,6209,2.0037,0.1603,0
360,5431,7117,7.8626,0.1695,0
25,1909,6101,16.9373,0.1413,3
352,5431,5129,3.351,0.1639,1
125,2198,2314,3.3409,0.1353,4
399,5515,7117,8.1315,0.1458,4
443,5515,6612,3.938,0.1445,3
177,5515,3227,2.8605,0.1157,0
88,5515,3237,10.0966,0.1533,0
21,429,2314,8.1061,0.1402,1
128,5515,6209,4.3549,0.1414,1
694,3307,5135,0.8239,0.1775,1
146,2198,910,14.0536,0.1443,3
79,2198,6612,9.8803,0.1459,2
356,806,4122,4.7026,0.1315,0
234,429,4122,19.6292,0.1456,4
638,259,2943,0.4812,0.1463,2
435,1909,6359,19.9646,0.1672,4
11,666,4121,0.3773,0.1593,1
168,4628,5376,0.9463,0.1327,0
457,2198,5135,3.504,0.1493,4
163,5515,7607,5.4494,0.1588,0
392,1242,1390,1.9287,0.1667,3
336,5431,6101,13.1324,0.1315,0
98,806,6612,6.5498,0.1478,4
405,429,910,9.5624,0.1377,3
20,2198,2490,9.0037,0.1492,4
383,2198,20,3.9175,0.1326,2
109,5431,6612,5.2117,0.1514,3
168,7061,4501,0.3247,0.1369,0
324,5431,4840,5.8863,0.1502,2
463,5431,7402,21.4153,0.1517,2
224,429,4122,9.1581,0.1418,3
259,5515,1020,5.6424,0.1653,2
366,1909,1642,13.0041,0.1566,2
448,5431,6612,8.1107,0.1435,3
301,1103,2915,1.9929,0.1597,1
61,5515,3237,15.7661,0.1523,3
605,3945,221,0.8781,0.1999,1
198,4628,3229,12.4978,0.1646,4
541,3307,209,0.4337,0.1947,4
177,429,2042,3.4212,0.1149,0
321,2198,2314,4.3143,0.1407,2
85,5431,6359,6.0975,0.158,3
444,5514,1390,2.6772,0.1485,4
58,5431,6209,6.4232,0.1259,1
451,1909,6101,3.0209,0.1591,4
73,5431,2668,8.1436,0.1477,0
350,806,3237,7.7833,0.1417,3
233,2198,14,3.5653,0.162,4
237,1909,3237,9.7732,0.1418,4
320,5431,4074,4.413,0.1814,0
462,429,7272,5.024,0.1595,4
99,5431,2670,6.6797,0.1536,2
334,5431,6612,8.7302,0.1389,3
658,6320,3307,0.41,0.1514,1
145,5515,6101,7.8732,0.1585,4
433,4628,4501,2.6405,0.155,0
307,2198,959,5.0514,0.1359,1
213,5434,3952,2.3355,0.1622,2
562,4981,2987,0.2507,0.1285,1
100,4415,910,2.9458,0.14,2
378,5431,4501,1.462,0.1567,0
469,3874,7347,1.2994,0.1516,2
8,4575,3237,4.8464,0.1413,0
197,5431,2356,11.488,0.1533,1
265,5515,6459,6.7713,0.1328,2
39,5515,6612,17.1129,0.1386,1
327,4628,14,2.4321,0.1521,0
63,5431,6101,9.6996,0.1599,3
11,4416,967,0.2788,0.1704,1
485,5431,87,6.4232,0.1626,2
321,1909,4122,4.1946,0.1418,2
500,5760,1642,0.3874,0.1834,1
186,1909,2356,15.1829,0.1753,2
81,5515,6612,2.5039,0.1368,2
114,429,2314,7.1513,0.1272,4
497,69,3451,1.226,0.1739,0
569,806,4501,0.795,0.1411,4
635,1909,5500,0.6496,0.1707,4
63,1909,392,10.6688,0.1579,3
312,5431,1390,6.1376,0.1502,1
612,69,2720,3.0964,0.1578,3
571,1909,960,3.5292,0.1895,3
404,2198,3227,2.8201,0.1257,2
12,806,3951,5.8233,0.1338,3
169,5431,6359,19.0475,0.1718,3
483,4628,3041,1.1715,0.1747,1
425,2198,3947,4.8831,0.1512,4
303,5431,1569,1.4732,0.1585,1
127,4628,6101,4.0092,0.1682,3
90,1909,1222,12.0372,0.1526,0
335,5431,6101,11.0631,0.1415,3
484,429,5268,3.7971,0.1782,0
249,2198,4840,6.6685,0.1419,0
246,5431,4122,15.0174,0.1299,3
491,69,1199,11.1813,0.1376,3
296,897,6612,1.1368,0.1451,2
206,429,3228,6.3835,0.1165,3
664,7126,3619,0.4152,0.1092,3
365,69,6101,5.5555,0.1499,3
23,429,910,7.9847,0.1398,3
495,897,3404,0.9281,0.1641,3
115,5431,4018,8.5834,0.1716,1
214,5431,3008,35.569,0.1516,2
458,5515,6612,6.7205,0.1487,4
388,664,6552,0.8878,0.1377,3
580,3541,6043,0.5481,0.1825,3
666,69,2315,1.0187,0.1333,1
624,1902,2456,0.3958,0.1686,2
525,2405,5504,0.5031,0.1602,1
628,897,1190,0.9163,0.1613,3
396,5431,6612,5.4979,0.137,3
20,1909,7347,9.9565,0.1455,4
424,5515,3451,0.5884,0.1477,3
26,2198,6295,16.9355,0.1717,0
492,2198,620,7.1717,0.1507,3
64,966,163,1.3208,0.1568,1
46,5431,221,5.0773,0.1542,4
494,178,4560,0.4214,0.1108,3
125,429,6703,4.0108,0.1293,4
183,5515,6459,4.3134,0.1306,0
32,2198,4840,8.0082,0.1347,2
242,429,3950,6.6611,0.183,4
365,2198,1190,5.1603,0.1525,3
343,5431,6390,3.7128,0.1495,2
93,5515,3952,13.1847,0.1627,1
466,5431,4134,6.3155,0.153,3
373,806,87,5.1323,0.1578,4
481,5431,4121,3.3905,0.1415,0
418,2198,14,2.9399,0.1618,3
257,5431,5622,13.2681,0.1541,1
529,2604,5507,0.4871,0.199,2
208,2198,2160,4.2745,0.1805,3
118,5431,3404,6.2392,0.1459,4
195,429,20,8.5757,0.1626,1
140,429,1222,11.6337,0.1491,3
305,1909,5375,10.2832,0.1625,2
438,5515,1651,3.1305,0.1639,0
15,7061,256,0.9378,0.1708,2
4,5431,6612,6.7095,0.1486,2
593,5271,4592,0.4471,0.1305,1
641,806,4501,0.7579,0.1274,3
62,5431,6359,10.0347,0.1536,3
391,1909,4840,5.3057,0.1283,4
374,1909,1199,8.1174,0.1367,3
121,1909,6101,7.0411,0.1432,2
275,5431,3404,9.4298,0.125,4
101,4575,6459,5.1865,0.146,2
95,2198,5376,2.3747,0.148,1
28,1909,6101,4.0751,0.1571,2
103,429,6612,6.5569,0.1441,4
181,806,6612,3.708,0.1323,0
112,5431,3149,15.2252,0.131,2
526,3947,1734,0.5748,0.1465,4
660,69,6101,0.9438,0.1543,3
616,174,6703,0.3658,0.143,3
510,5515,6612,2.6338,0.1433,0
589,897,34,0.9562,0.1741,1
407,1909,6209,3.0467,0.1321,0
141,429,1222,15.3862,0.1316,4
436,1909,7402,4.4119,0.1536,4
151,2198,910,9.3235,0.1485,3
65,1909,6955,5.8524,0.1503,0
207,69,7607,4.408,0.1377,1
372,2198,6612,3.9374,0.1398,2
306,69,3237,16.0093,0.1383,2
295,2198,2727,3.7382,0.1558,3
261,5431,5302,38.1399,0.1462,2
29,5515,2389,7.4443,0.135,1
652,6429,4560,0.5795,0.1191,4
393,806,4018,5.0026,0.1661,0
446,4628,4840,5.4936,0.1542,2
47,429,6612,3.5474,0.1339,3
222,429,4840,13.6244,0.1528,0
207,5431,7117,3.5199,0.1389,1
182,5515,6612,12.5421,0.1291,1
60,806,3228,5.3972,0.1255,0
370,429,4134,5.1068,0.1369,1
461,69,7607,5.8354,0.1293,1
272,5431,256,5.8093,0.1613,0
463,1909,1190,20.6235,0.1527,2
71,2198,3824,7.9694,0.146,3
202,5515,4122,6.7941,0.1485,4
80,5431,3404,8.5242,0.1559,1
219,5431,221,3.6853,0.1278,3
202,5431,6612,6.8207,0.1456,4
203,1909,1642,7.3924,0.1352,1
298,2198,6359,4.1831,0.1611,4
314,5431,6101,7.2202,0.1517,2
158,4575,1190,3.8343,0.1574,1
196,69,431,7.3253,0.1761,1
156,2198,3227,4.4236,0.1495,0
488,5431,1390,3.4611,0.1604,1
673,4575,3237,2.713,0.1554,3
458,2198,423,6.5693,0.1506,4
622,6429,1924,0.5684,0.1817,3
452,1909,1390,6.1691,0.1596,4
49,5431,6101,15.1497,0.1384,0
120,5431,6101,15.7002,0.1509,4
142,5515,1651,3.6779,0.1245,1
531,5515,5271,1.3726,0.1692,4
52,2198,6612,5.7596,0.1488,0
231,1909,2314,4.5427,0.1291,4
480,5431,3228,6.8827,0.1355,0
678,2456,4000,0.3685,0.1356,1
145,1909,1190,7.8237,0.1612,4
245,4628,4120,34.7142,0.1688,0
144,429,2727,1.2141,0.1334,3
175,806,894,8.7851,0.1471,4
92,5515,7075,2.6609,0.1439,3
573,252,3399,0.5293,0.1896,4
50,2198,2668,7.1988,0.1501,4
72,5515,1651,3.2535,0.1385,0
150,429,3237,6.991,0.1401,1
453,806,1651,7.3877,0.137,1
13,5515,5813,3.6551,0.1858,4
78,1909,6612,5.5451,0.1415,3
459,5515,6612,6.2179,0.1526,0
443,2198,910,3.5125,0.1476,3
234,2198,2129,15.5422,0.1489,4
269,5515,3229,14.1019,0.1429,0
408,1909,2314,6.8198,0.1226,3
431,5431,6101,5.3739,0.1428,4
381,69,6359,6.0202,0.1637,3
675,3874,617,1.0313,0.163,1
696,2853,6326,0.4094,0.1557,2
189,4628,4122,7.0167,0.149,4
489,5431,2727,4.6218,0.1404,3
327,429,3041,1.7032,0.1562,0
22,2198,6101,5.8565,0.1598,4
56,5431,6101,30.2514,0.1493,4
369,5515,3228,3.9901,0.1538,2
164,5431,6101,11.3504,0.153,2
473,4575,6209,5.0903,0.1509,0
104,806,772,3.2143,0.1758,3
312,69,4612,4.4008,0.1516,1
243,5021,6640,0.6546,0.1751,0
414,1902,4840,0.7774,0.163,4
86,7061,1041,1.9342,0.1332,0
419,5431,6359,21.2055,0.1649,4
126,5431,6101,13.2517,0.148,3
613,69,6359,3.8308,0.1858,2
137,5515,3229,11.527,0.1353,0
273,69,1300,27.6426,0.1605,3
253,1909,910,6.0569,0.1358,2
162,5431,1190,10.3409,0.1529,3
456,5431,1199,14.2234,0.15,2
342,1909,1222,11.19,0.1375,0
468,5431,3237,13.9574,0.1316,2
250,5431,6359,4.1988,0.1596,4
105,1909,3237,11.8617,0.1493,1
122,806,959,2.0527,0.1502,0
132,1909,7402,7.0581,0.1394,4
271,429,3228,4.5249,0.139,2
309,5431,6101,8.4194,0.1516,4
338,5515,6703,3.6693,0.1315,1
111,5431,5500,12.2328,0.1551,1
382,1902,1119,2.1196,0.1505,0
596,1245,2727,0.4427,0.1448,3
39,69,3237,16.6609,0.1434,1
176,5431,6612,13.9393,0.1303,1
524,69,6935,1.42,0.1844,1
156,429,6979,4.4667,0.1486,0
91,5515,4122,23.264,0.1272,0
70,5431,3237,5.5243,0.1376,2
196,5431,6464,7.8448,0.1759,1
227,5515,1190,9.4591,0.1378,2
131,5431,4122,25.058,0.1466,3
74,2540,2814,3.8414,0.1414,2
174,5515,6612,3.1002,0.1225,1
270,1909,6612,18.0568,0.1393,0
578,897,6612,0.7209,0.1585,0
224,2198,6612,7.2813,0.1466,3
377,5431,3228,4.9482,0.1236,2
182,5431,4122,16.4479,0.1271,1
206,5515,6459,4.6878,0.1182,3
57,5515,2314,2.4437,0.1707,3
330,5431,2314,5.0495,0.1493,0
227,1909,6059,9.4502,0.1454,2
181,5515,4134,3.8041,0.1316,0
506,3945,4121,0.7256,0.1147,2
82,897,3343,0.9665,0.1474,0
21,5431,4122,5.817,0.1413,1
95,429,6640,2.2229,0.1483,1
194,69,4134,4.2913,0.1544,4
120,5515,7402,15.3975,0.1525,4
332,1909,6442,15.0293,0.1684,2
378,1103,1651,1.5071,0.1563,0
245,429,4227,31.066,0.1694,0
282,69,3237,5.5053,0.1364,0
149,69,1199,11.8567,0.1433,2
130,5431,4122,14.2884,0.1353,2
76,1103,537,0.9752,0.1807,4
96,5431,4122,4.3021,0.1378,4
300,2198,1222,8.8143,0.1434,4
314,1909,1190,6.48,0.1544,2
226,69,6101,4.7396,0.1379,2
404,5515,1651,2.9729,0.1219,2
479,429,959,2.6343,0.1381,2
148,2198,6913,4.2981,0.1482,1
195,2198,553,8.5838,0.1587,1
115,69,5520,8.3412,0.1774,1
225,429,620,6.6077,0.167,1
487,5515,702,5.1016,0.1498,1
323,429,983,4.8699,0.1433,2
628,5434,4817,0.7083,0.1617,3
358,4628,1979,4.8726,0.1683,1
161,2198,4121,0.9431,0.1451,0
256,5431,6209,6.1803,0.133,4
108,2540,6552,2.5189,0.1667,3
80,1909,674,6.9786,0.1572,1
249,429,6612,7.9769,0.1404,0
428,1909,5128,2.0344,0.14,0
304,5431,20,6.1167,0.1462,2
155,5431,620,7.2476,0.1616,0
99,1909,3050,5.9918,0.1794,2
640,2540,5760,0.5919,0.1478,1
255,2198,4121,3.0028,0.1521,1
128,4575,3228,4.2878,0.1432,1
461,5431,967,7.7012,0.1289,1
308,5515,2389,5.2711,0.138,3
142,1909,4134,3.5017,0.1331,1
484,4628,256,3.7806,0.1822,0
85,806,6239,6.8409,0.1548,3
656,3244,1390,0.6045,0.1676,4
395,806,6459,2.226,0.1366,1
75,5431,6101,19.1864,0.1486,2
174,806,1651,3.2157,0.114,1
422,1909,6612,4.3878,0.129,1
16,806,7017,5.1031,0.1692,0
479,5515,2727,2.8394,0.1312,2
360,429,1199,8.766,0.1524,0
633,806,7126,0.5868,0.14,0
429,1909,6612,17.0314,0.1379,4
61,1909,6101,17.6785,0.1511,3
411,4575,4134,1.9949,0.1461,0
169,1909,2129,16.068,0.1734,3
239,2199,1651,1.0057,0.1462,0
204,5431,6612,6.9376,0.138,4
30,1909,3125,2.4148,0.1484,3
64,429,3227,2.9284,0.1475,1
316,5431,1041,3.9001,0.1346,4
94,5431,1119,13.0075,0.144,0
14,2198,6612,7.781,0.1356,1
474,1909,6295,3.4688,0.1479,3
371,5431,4120,4.1095,0.1541,0
406,429,4122,6.7488,0.1189,3
251,69,2314,3.4864,0.1499,1
353,429,6612,11.9863,0.142,1
280,806,6612,7.1638,0.1357,1
208,429,5813,4.4405,0.1728,3
203,5431,6612,7.1176,0.1364,1
106,1103,6101,3.2773,0.1593,0
160,5270,6359,1.8592,0.1635,2
133,2198,4612,4.2342,0.1619,2
79,1909,4840,7.8246,0.1475,2
571,69,1084,2.8709,0.1904,3
186,5431,1199,15.3184,0.1559,2
530,6170,4122,0.7744,0.1599,1
398,4628,5500,2.4236,0.1823,3
427,2198,4122,5.4953,0.1292,4
66,4628,20,1.2234,0.1575,0
317,2198,6359,5.5046,0.1771,4
450,69,620,6.2614,0.1385,4
13,2198,5257,4.9922,0.1837,4
475,429,983,4.7221,0.139,3
376,1909,5268,5.8058,0.1278,3
6,1909,7402,13.4502,0.1495,4
109,1909,4840,4.5505,0.153,3
277,806,3228,4.347,0.1368,4
113,5431,6612,14.8581,0.1501,1
434,5431,6612,7.0222,0.1248,3
47,5515,4134,3.9998,0.1332,3
397,429,6935,3.6298,0.1835,0
566,806,4501,0.3634,0.1298,1
232,5515,5268,3.2364,0.1358,4
349,2198,1190,14.9492,0.1337,3
468,5515,1642,15.0604,0.1289,2
118,5515,674,6.0252,0.1471,4
256,1909,3228,5.0157,0.1347,4
491,5431,1642,12.4665,0.136,3
147,5515,6209,6.4708,0.1253,1
8,5515,6612,5.2467,0.1367,0
427,429,2314,6.49,0.1282,4
431,5515,7402,4.883,0.1443,4
362,5431,4122,12.0372,0.1553,0
205,5431,3237,24.1363,0.1412,1
342,5431,3229,12.2091,0.134,0
50,1909,256,7.0406,0.1513,4
319,5515,2315,2.4335,0.1715,3
258,2198,4730,3.2548,0.1334,1
105,5431,2129,14.0752,0.1481,1
179,5515,1642,7.7168,0.1422,3
81,5431,4134,2.6618,0.136,2
290,1909,6612,4.8387,0.1272,2
678,2246,7179,0.3846,0.1353,1
415,5515,7104,9.4462,0.1406,3
676,806,1059,5.2358,0.1859,1
251,2540,4122,2.2242,0.1511,1
560,2540,6295,0.664,0.1649,4
107,806,3411,6.0303,0.1728,4
310,5515,7402,5.8754,0.1422,1
255,429,4501,3.5383,0.149,1
674,7308,4137,0.2721,0.1758,0
385,5515,620,6.7877,0.14,1
438,806,2995,3.1404,0.1614,0
475,2198,959,3.6339,0.1405,3
165,1909,7006,5.9811,0.1633,4
331,2198,6612,2.684,0.1373,3
104,5431,5629,4.6849,0.1648,3
68,4628,4018,3.1625,0.1543,2
262,5515,6612,4.7962,0.1341,2
344,2198,1642,15.6507,0.1413,3
357,5515,3237,16.3914,0.1401,3
318,5431,6359,19.9236,0.1501,3
291,4415,4499,2.7364,0.1531,3
640,69,657,0.55,0.1562,1
470,69,7402,1.1862,0.1864,2
534,5002,3451,0.2591,0.1717,0
10,4575,6612,7.836,0.1363,2
560,806,4134,0.8038,0.1519,4
430,1909,7681,5.8278,0.1581,4
35,5431,4122,23.8819,0.1348,4
637,6295,1141,0.6312,0.1681,1
7,5515,2727,4.6193,0.1523,1
340,4747,3228,0.7701,0.1525,1
392,2198,5500,3.6047,0.1643,3
432,429,6459,3.025,0.1378,2
344,5515,3410,17.4638,0.1381,3
535,7303,113,0.3148,0.1873,1
117,429,6612,4.9926,0.1322,4
284,69,4840,9.0317,0.1354,0
390,5431,6359,8.9623,0.1507,3
382,1103,4018,2.5398,0.1439,0
658,3141,4499,0.4128,0.1488,1
284,5431,6612,12.7996,0.134,0
565,6951,6552,0.4479,0.1842,0
515,2198,510,3.0983,0.1743,1
623,4575,6612,2.37,0.1447,3
406,2198,3917,5.0822,0.1259,3
453,5431,4134,6.9061,0.1463,1
180,5431,3229,10.6115,0.1433,4
260,5431,1059,8.4201,0.1454,1
152,5431,6209,5.3511,0.1403,3
279,5515,4840,4.2633,0.1354,1
490,5431,6101,28.1357,0.1412,4
162,69,4817,7.151,0.1533,3
495,3910,674,0.811,0.1655,3
644,2604,4817,0.7912,0.1583,3
76,3945,5377,1.297,0.1803,4
187,1909,6209,8.4862,0.1611,1
272,1909,4120,5.0095,0.1644,0
204,5515,910,6.877,0.141,4
157,806,4121,2.0193,0.136,1
200,806,6459,4.4669,0.1363,4
264,5431,1390,2.7018,0.1638,4
17,429,5500,3.2641,0.1679,2
315,5515,6612,13.031,0.1308,4
478,429,3228,4.2325,0.1423,0
415,69,6612,9.5752,0.1381,3
311,2198,6101,4.894,0.1525,4
637,4415,4125,1.3245,0.1668,1
155,69,1199,5.5465,0.1624,0
294,5431,6612,4.8491,0.1298,2
425,429,6459,5.0543,0.1484,4
7,2198,553,4.7056,0.1492,1
377,429,6459,4.7763,0.1253,2
264,5515,5500,3.1438,0.1614,4
481,4575,1651,3.5049,0.1372,0
418,429,4134,3.1656,0.1523,3
393,5431,4122,5.4151,0.1505,0
287,429,5257,7.9406,0.1727,3
154,429,3142,7.501,0.1518,4
559,806,7509,0.6088,0.164,4
437,429,4501,2.6683,0.142,1
328,429,20,5.2778,0.1613,1
595,3940,5118,0.538,0.1751,4
677,2872,221,0.2706,0.1792,3
235,429,294,2.6958,0.1396,1
612,2540,6822,2.4864,0.1625,3
641,1902,1651,0.5796,0.1284,3
583,897,4018,1.9028,0.1667,2
690,1103,6612,0.9028,0.1299,2
485,3874,4499,4.181,0.165,2
40,5431,5500,10.7187,0.1608,1
267,5431,6612,9.5896,0.138,4
440,2198,6612,6.199,0.1488,3
361,1909,2129,8.1523,0.1545,0
16,5431,7347,7.3539,0.1659,0
88,429,6612,14.2653,0.1483,0
274,5431,1642,10.5058,0.1426,2
666,7061,2314,0.5145,0.1368,1
663,2169,1147,0.477,0.1496,0
291,69,6979,3.089,0.1524,3
428,5431,1650,4.1247,0.1391,0
363,1909,6359,28.4916,0.165,1
478,5431,6459,3.784,0.1443,0
192,429,3411,12.5515,0.156,2
108,69,620,3.0296,0.1533,3
137,5431,3237,15.2124,0.1347,0
71,429,3411,8.6717,0.1457,3
31,5431,5269,16.1886,0.1382,0
254,5431,6703,4.6804,0.1311,1
591,3243,7520,0.2659,0.1731,2
129,3874,1945,1.5598,0.1821,1
293,69,5257,3.9197,0.1816,1
170,806,4018,8.2866,0.1555,3
442,429,1190,6.8059,0.1659,2
592,1106,2173,0.3905,0.1657,4
526,5760,221,0.5599,0.1485,4
259,5431,2646,4.7301,0.1673,2
515,4575,4122,2.7333,0.1745,1
623,1909,910,2.2513,0.1478,3
130,1909,6612,11.1815,0.1354,2
1,5431,3237,18.919,0.1319,2
663,5918,1577,0.2816,0.1496,0
394,5515,2727,2.0561,0.126,2
160,609,1190,1.3462,0.1647,2
176,69,910,10.5834,0.1331,1
235,2198,5376,2.8802,0.1378,1
471,429,4134,4.6705,0.1335,0
339,4415,6612,1.75,0.147,4
267,5515,3237,9.4248,0.1427,4
305,5431,7607,8.1731,0.1648,2
332,5515,5553,17.3389,0.1643,2
364,2198,4134,2.5381,0.1356,4
49,1909,1190,13.2784,0.1409,0
70,5515,6612,6.3076,0.1331,2
117,2198,2727,4.9717,0.1322,4
58,1909,1642,6.3092,0.1294,1
12,5431,6612,4.9258,0.14,3
334,806,6209,7.0011,0.1415,3
307,429,983,5.9381,0.1344,1
242,2198,1787,7.1503,0.1772,4
368,5515,4840,5.5445,0.1349,0
333,429,6612,8.5484,0.1428,0
172,2198,4840,7.8502,0.1568,4
319,5431,2995,2.4644,0.1551,3
675,1902,2517,1.0834,0.1597,1
135,5431,6612,15.1291,0.1455,3
420,2198,3237,7.2725,0.1431,4
421,2198,2671,3.1981,0.1961,0
395,5431,3228,2.2517,0.1347,1
421,1909,5128,3.2388,0.1923,0
191,5431,6612,8.8508,0.1156,0
454,5431,4122,5.274,0.1389,2
190,5515,2995,1.662,0.1604,0
386,1909,1642,8.1922,0.1603,4
9,5514,2727,4.0521,0.1468,0
41,5515,4134,6.5633,0.153,1
570,1909,6101,0.6815,0.1849,2
357,5431,4122,18.7382,0.1325,3
123,4575,4840,5.4181,0.1423,0
241,2198,6612,4.028,0.1457,1
580,4415,2857,0.5111,0.1989,3
171,5431,6101,14.1972,0.144,0
697,5361,2490,0.635,0.1714,2
163,1909,7117,5.3935,0.1602,0
188,429,7104,11.3137,0.1388,3
403,5515,4501,2.9878,0.1272,3
184,5431,4134,7.2883,0.14,3
269,5431,3237,14.5153,0.1423,0
124,5515,5271,3.3151,0.135,4
584,2008,7402,0.5135,0.1613,2
492,429,1642,9.5067,0.1497,3
627,1244,2036,0.7003,0.1922,2
252,5431,6612,7.1019,0.1337,4
524,4415,5375,1.0552,0.1929,1
439,806,702,6.0761,0.1397,1
5,1909,1390,4.2729,0.1595,3
178,1909,4636,2.2866,0.1427,4
297,1909,1190,10.7251,0.1388,2
358,3244,5700,0.8561,0.1705,1
388,1582,7502,0.9555,0.1368,3
87,806,20,3.7587,0.1461,2
141,2198,3237,16.1186,0.1277,4
639,7126,6550,0.3315,0.1558,0
409,1909,6101,14.0251,0.1569,0
32,5515,6612,8.0949,0.1332,2
346,5515,3237,7.8241,0.1344,0
0,1909,3229,12.7424,0.1625,4
500,7126,901,0.5635,0.1555,1
620,4629,2314,0.7483,0.1418,0
223,69,674,5.5624,0.1789,3
106,4575,2668,4.8716,0.1509,0
216,69,2727,3.4101,0.135,3
476,429,2915,10.4721,0.1685,3
110,1909,6612,11.7723,0.1452,3
294,69,6101,4.6853,0.1323,2
451,69,6640,3.2005,0.1581,4
331,5431,1651,2.7439,0.1278,3
664,3280,1147,0.4282,0.1074,3
236,69,4840,6.3739,0.1307,2
489,5515,959,4.5201,0.1412,3
403,806,4134,2.753,0.137,3
354,69,221,5.3968,0.181,2
593,3451,4560,0.3934,0.1309,1
287,2198,7342,6.0809,0.1753,3
29,5431,4122,7.9195,0.1336,1
151,429,6612,9.4817,0.1454,3
43,5431,6612,8.1277,0.1348,3
239,2198,4501,1.0434,0.1451,0
676,2199,2096,4.7305,0.1877,1
673,7061,1222,1.2794,0.1601,3
417,429,6359,11.4036,0.1642,3
521,1902,4120,1.4337,0.149,3
273,2198,3008,29.3922,0.1577,3
18,2198,6979,7.1512,0.1407,2
681,4415,5500,0.6693,0.1854,2
599,5270,20,1.705,0.1622,3
62,1909,1945,8.117,0.154,3
278,4629,3805,1.6704,0.1451,1
620,664,6551,0.6822,0.1433,0
199,429,6101,11.5774,0.1738,3
409,69,6612,12.8801,0.1581,0
370,806,6612,5.0923,0.1377,1
3,5431,4840,6.8125,0.1383,3
622,5515,5128,0.5737,0.1719,3
591,3041,1074,0.4397,0.1672,2
472,429,4137,3.1863,0.1245,1
405,5431,4840,10.8702,0.1363,3
497,5431,2456,1.2441,0.1644,0
25,5431,1190,16.9136,0.1438,3
301,5270,248,1.7667,0.1629,1
578,2252,910,0.7073,0.1619,0
144,4628,4000,1.7094,0.1322,3
493,2198,3947,2.867,0.1439,0
543,1623,209,0.4208,0.1779,2
185,806,3237,9.3729,0.1492,3
230,69,1577,10.4179,0.1438,0
460,5515,1651,4.0353,0.1377,4
27,5431,5257,8.2851,0.1683,1
119,2198,2389,4.9639,0.1519,2
37,5431,6209,6.581,0.1273,2
530,6169,2314,0.9274,0.1586,1
286,5515,1642,12.7796,0.1239,0
212,5431,4636,3.4114,0.1448,1
442,897,4817,0.9588,0.1663,2
371,1909,6101,3.9608,0.1577,0
573,2866,644,0.5618,0.1839,4
189,429,702,9.404,0.142,4
347,5431,3008,25.9831,0.1363,0
15,1902,5629,1.6898,0.1693,2
469,3910,4973,1.0126,0.1534,2
456,5515,6612,13.709,0.1504,2
367,5431,1651,2.7207,0.136,0
114,2198,4018,6.4037,0.1306,4
185,5515,6612,9.3745,0.1443,3
157,5431,1651,3.0489,0.132,1
420,429,2314,8.3854,0.1427,4
390,69,2356,7.1578,0.1524,3
345,5431,4134,5.844,0.1384,2
277,5431,1642,3.706,0.1388,4
477,1909,6612,10.81,0.1524,1
146,429,6612,15.785,0.1413,3
228,1909,6612,13.2471,0.139,3
313,3307,4901,0.4573,0.1927,3
153,5431,6101,22.0665,0.1398,0
270,5515,3237,16.2825,0.144,0
4,5515,4840,5.6148,0.1502,2
24,429,5135,6.0079,0.1456,1
119,429,4122,5.1491,0.1504,2
143,429,7607,9.1807,0.152,1
589,3910,20,0.8803,0.1769,1
474,4628,20,3.3116,0.1495,3
78,69,910,4.4231,0.1445,3
320,429,412,4.178,0.1842,0
134,5431,3237,15.4341,0.1353,1
375,1909,6459,5.0459,0.1459,2
229,5515,4817,4.6517,0.1531,1
209,5431,3237,19.0056,0.1421,3
18,429,5135,6.7393,0.1504,2
14,429,4840,6.8402,0.1371,1
22,429,5500,5.2108,0.1601,4
352,4575,983,2.6975,0.1697,1
210,69,2389,6.048,0.1374,4
459,2198,4134,6.5488,0.1518,0
72,429,6612,3.0876,0.1488,0
303,4575,4137,1.4823,0.1492,1
407,69,5128,3.1421,0.1313,0
77,429,910,7.9416,0.1492,4
285,5431,6612,10.6937,0.115,1
490,1909,1190,24.0671,0.1437,4
94,2198,1642,13.0601,0.1303,0
525,5764,5510,0.4698,0.1656,1
677,1006,897,0.2568,0.1865,3
414,5515,5760,0.8628,0.1549,4
613,4415,960,2.966,0.19,2
90,5431,6359,11.049,0.1528,0
275,3874,27,2.4474,0.1307,4
412,1909,1264,15.4346,0.1357,3
2,5515,2356,6.2842,0.1487,4
506,3911,1569,0.7748,0.1116,2
611,3280,1390,0.6121,0.1632,2
83,806,961,7.6652,0.1508,1
574,7006,959,0.3666,0.146,4
246,1909,2891,8.6686,0.1306,3
149,1909,6612,11.8663,0.1425,2
247,5431,3237,12.3287,0.1336,4
68,664,2668,1.7888,0.1562,2
271,5515,6459,4.2566,0.1409,2
697,5362,7347,0.6453,0.1672,2
243,4629,20,0.9196,0.1622,0
422,5515,3228,5.5645,0.128,1
304,69,7402,4.8352,0.151,2
268,5515,4001,7.8939,0.1346,0
200,5431,3228,5.1635,0.1344,4
154,2198,892,5.186,0.1572,4
45,5431,4817,7.0273,0.1553,1
416,69,3237,8.3221,0.1703,0
394,5431,959,1.9334,0.1326,2
138,5515,6359,6.2531,0.1564,0
341,806,6459,4.1938,0.1428,4
184,5515,6612,6.3834,0.1408,3
280,5431,4840,5.8363,0.1371,1
247,69,35,10.569,0.1337,4
38,1909,910,7.6601,0.1332,1
34,5431,6612,11.3333,0.1367,2
433,429,1651,2.1811,0.1561,0
441,2198,6568,2.804,0.169,0
2,5431,1662,6.9075,0.1484,4
133,5515,4730,3.5994,0.1699,2
389,5515,4018,6.2377,0.1576,3
353,2198,3237,7.6315,0.1468,1
633,2198,1116,0.5684,0.1406,0
387,2198,1651,4.3329,0.1208,3
376,5515,6612,6.0296,0.1257,3
60,2198,6459,4.2379,0.1272,0
116,5431,1199,9.5453,0.1501,2
455,1909,3237,17.3058,0.1417,3
24,5515,2668,5.6672,0.1516,1
46,1909,5700,4.8733,0.1686,4
132,69,6101,7.9556,0.1379,4
237,5431,6612,10.2915,0.1371,4
310,5431,6101,6.089,0.1407,1
293,1242,2915,2.3523,0.1818,1
167,5431,3237,7.9587,0.138,1
364,429,4121,3.1714,0.1308,4
124,5514,6612,3.0137,0.1429,4
152,1909,6612,6.2611,0.1377,3
315,429,3237,12.0562,0.1353,4
452,5431,5500,6.3322,0.1572,4
33,5431,6612,11.8188,0.1341,0
126,1909,7402,9.3942,0.1496,3
159,5431,6612,8.3529,0.1274,0
306,5431,4122,25.7598,0.138,2
221,429,392,9.4258,0.1724,3
37,1909,3228,3.8051,0.1289,2
624,4840,4137,0.4181,0.1668,2
447,2198,6612,4.9121,0.146,1
171,1909,7402,10.3104,0.1455,0
42,69,4134,2.5674,0.1445,2
266,2198,2314,7.3807,0.1369,1
220,806,6612,3.8035,0.139,1
183,806,4730,4.1525,0.1307,0
652,5021,4592,0.818,0.118,4
233,429,2314,3.6754,0.1617,4
240,1909,5268,2.866,0.1404,1
100,4575,6612,2.9863,0.1371,2
398,429,20,3.1776,0.1682,3
236,1909,6612,6.882,0.1293,2
493,429,6979,4.2772,0.1426,0
166,5431,3237,13.7272,0.1315,4
385,5431,1642,8.4664,0.139,1
690,5514,4134,0.9396,0.1292,2
465,4575,4122,2.0087,0.1339,2
330,5515,4122,3.9167,0.1505,0
326,5515,3951,3.9621,0.1567,4
201,2198,2314,3.6894,0.1533,0
494,179,4592,0.456,0.109,3
477,806,4840,10.5241,0.154,1
384,4575,6703,3.244,0.1412,3
372,429,6703,4.2613,0.1394,2
42,4415,6612,1.9764,0.1453,2
89,1902,6612,2.9209,0.1322,4
180,429,3237,11.33,0.1427,4
326,5431,5629,3.9626,0.1547,4
188,2198,4203,9.2321,0.1389,3
225,2198,5268,3.9921,0.1882,1
674,7307,3106,0.2596,0.1769,0
193,5431,6612,9.7562,0.1407,0
92,2198,4125,2.6331,0.1496,3
396,429,910,5.2235,0.1399,3
411,5431,1650,2.4608,0.1409,0
587,1402,6935,0.303,0.1876,2
570,4415,7402,0.6775,0.1869,2
569,908,1651,0.5482,0.1422,4
288,69,6552,13.7799,0.1577,0
75,1909,5629,18.6321,0.1499,2
40,1909,6359,9.4267,0.1652,1
322,5431,2036,3.0266,0.1802,2
194,429,6612,3.7986,0.1553,4
389,5431,6551,7.6981,0.1508,3
241,429,4134,4.4713,0.1449,1
135,1909,6101,14.0416,0.1485,3
19,806,5327,6.6235,0.1629,4
351,69,1190,19.8035,0.1407,2
87,5431,1651,3.7066,0.1538,2
361,5431,3404,8.2372,0.1455,0
410,5515,4730,2.4377,0.1555,2
276,5515,3404,5.788,0.1413,4
281,5431,1734,8.5256,0.1387,4
611,3146,1074,0.6327,0.1631,2
512,2540,3917,2.2772,0.1518,3
434,2198,910,6.4806,0.1275,3
423,429,6101,5.6313,0.1743,4
318,1909,1274,19.3718,0.1676,3
343,429,2042,4.2519,0.145,2
214,1909,2174,28.1871,0.1539,2
450,1909,3228,6.3218,0.1355,4
408,5431,4122,6.8187,0.1236,3
351,1909,4817,18.9607,0.1411,2
472,806,4501,3.1101,0.134,1
48,2540,3404,4.2944,0.154,2
426,69,3237,10.617,0.1537,1
55,69,1642,13.383,0.1343,0
96,5515,2314,5.2619,0.1367,4
337,5431,6612,13.0694,0.1313,1
286,5431,1199,12.5201,0.1254,0
339,5259,4840,0.749,0.1486,4
696,3307,97,0.4205,0.146,2
266,429,4122,7.1593,0.138,1
136,2540,7330,9.6585,0.1631,0
290,69,6101,5.6074,0.1268,2
89,1103,1642,2.43,0.1363,4
23,2198,6612,8.6338,0.1369,3
31,5515,1222,16.478,0.1382,0
462,2198,2154,5.2444,0.1574,4
538,1409,5760,0.4627,0.1586,2
575,664,3411,0.7953,0.1734,1
268,5431,7607,8.7552,0.131,0
84,1909,7402,8.8724,0.1481,3
347,5515,2174,20.6733,0.1383,0
134,5515,3229,14.4105,0.1359,1
215,429,7347,6.8801,0.158,4
384,5515,967,2.9378,0.1451,3
455,5431,6101,24.5457,0.1414,3
465,5270,3954,1.9792,0.1417,2
253,5515,6612,6.4471,0.1329,2
476,2198,6359,8.7976,0.1731,3
213,7061,3343,1.9931,0.163,2
